{"particles":[{"location":{"x":4.896248537711272,"y":0.6865064362711425,"fixed":false},"velocity":{"x":-0.3228621408019726,"y":-0.5030112984609012},"acceleration":{"x":0.0339888728892203,"y":0.7902776709390763},"force":{"x":0.03368409625528646,"y":0.7846709893544734},"form":"circle","radius":1,"mass":1,"elasticity":0,"material":{"color":{"hue":0,"saturation":0,"lightness":0},"transparency":1},"special":{}},{"location":{"x":6.468825009423167,"y":6.0615550621525225,"fixed":false},"velocity":{"x":-1.3491196594558932,"y":-0.8044017636776809},"acceleration":{"x":-1.8432280412875306,"y":-1.0512804836498486},"force":{"x":-1.885230682724039,"y":-1.0429235995455932},"form":"circle","radius":1,"mass":1,"elasticity":0,"material":{"color":{"hue":0,"saturation":0,"lightness":0},"transparency":1},"special":{}},{"location":{"x":4.3548480287675995,"y":5.222278781313358,"fixed":false},"velocity":{"x":-0.8481452105291698,"y":1.3470956478233185},"acceleration":{"x":1.8112637687108064,"y":0.24075020395662755},"force":{"x":1.8533978600121213,"y":0.2374099146879698},"form":"circle","radius":1,"mass":1,"elasticity":0,"material":{"color":{"hue":0,"saturation":0,"lightness":0},"transparency":1},"special":{}}],"information":{"time":351,"lastSave":1526691145296},"settings":{"physics":{"gravity":{"enabled":true,"gravitationalConstant":10},"collision":{"enabled":true}},"simulation":{"step":{"framerate":120,"delay":8.333333333333334},"saveFrequency":10000,"speed":1},"render":{"zoom":100,"offset":{"x":0,"y":0},"framerate":60,"colorization":{"property":"material"},"delay":16.666666666666668}}}